system:time_start,Fpar_500m
"Feb 18, 2000",32
"Feb 26, 2000",13
"mar. 5, 2000",59
"mar. 13, 2000",17
"mar. 21, 2000",89
"mar. 29, 2000",11
"Apr 6, 2000",89
"Apr 14, 2000",41
"Apr 22, 2000",29
"Apr 30, 2000",21
"May 8, 2000",89
"May 16, 2000",88
"May 24, 2000",63
"jun. 1, 2000",93
"jun. 9, 2000",87
"jun. 17, 2000",94
"jun. 25, 2000",44
"jul. 3, 2000",88
"jul. 11, 2000",35
"jul. 19, 2000",84
"jul. 27, 2000",87
"Aug 4, 2000",88
"Aug 12, 2000",
"Aug 20, 2000",87
"Aug 28, 2000",88
"Sep 5, 2000",53
"Sep 13, 2000",62
"Sep 21, 2000",90
"Sep 29, 2000",90
"Oct 7, 2000",89
"Oct 15, 2000",63
"Oct 23, 2000",75
"Oct 31, 2000",87
"nov. 8, 2000",79
"nov. 16, 2000",51
"nov. 24, 2000",87
"Dec 2, 2000",92
"Dec 10, 2000",16
"Dec 18, 2000",71
"Dec 26, 2000",30
"jan. 1, 2001",31
"jan. 9, 2001",46
"jan. 17, 2001",68
"jan. 25, 2001",74
"Feb 2, 2001",83
"Feb 10, 2001",11
"Feb 18, 2001",46
"Feb 26, 2001",26
"mar. 6, 2001",6
"mar. 14, 2001",90
"mar. 22, 2001",27
"mar. 30, 2001",73
"Apr 7, 2001",38
"Apr 15, 2001",76
"Apr 23, 2001",8
"May 1, 2001",81
"May 9, 2001",77
"May 17, 2001",23
"May 25, 2001",69
"jun. 2, 2001",88
"jun. 10, 2001",56
"jul. 4, 2001",88
"jul. 12, 2001",69
"jul. 20, 2001",34
"jul. 28, 2001",89
"Aug 5, 2001",89
"Aug 13, 2001",90
"Aug 21, 2001",76
"Aug 29, 2001",88
"Sep 6, 2001",73
"Sep 14, 2001",90
"Sep 22, 2001",89
"Sep 30, 2001",88
"Oct 8, 2001",74
"Oct 16, 2001",77
"Oct 24, 2001",33
"nov. 1, 2001",78
"nov. 9, 2001",88
"nov. 17, 2001",67
"nov. 25, 2001",46
"Dec 3, 2001",55
"Dec 11, 2001",54
"Dec 19, 2001",90
"Dec 27, 2001",63
"jan. 1, 2002",40
"jan. 9, 2002",77
"jan. 17, 2002",19
"jan. 25, 2002",43
"Feb 2, 2002",8
"Feb 10, 2002",16
"Feb 18, 2002",71
"Feb 26, 2002",48
"mar. 6, 2002",38
"mar. 14, 2002",13
"mar. 22, 2002",62
"mar. 30, 2002",62
"Apr 7, 2002",29
"Apr 15, 2002",71
"Apr 23, 2002",56
"May 1, 2002",40
"May 9, 2002",36
"May 17, 2002",85
"May 25, 2002",81
"jun. 2, 2002",80
"jun. 10, 2002",80
"jun. 18, 2002",89
"jun. 26, 2002",86
"jul. 4, 2002",79
"jul. 12, 2002",78
"jul. 20, 2002",78
"jul. 28, 2002",84
"Aug 5, 2002",83
"Aug 13, 2002",90
"Aug 21, 2002",83
"Aug 29, 2002",84
"Sep 6, 2002",82
"Sep 14, 2002",87
"Sep 22, 2002",90
"Sep 30, 2002",85
"Oct 8, 2002",65
"Oct 16, 2002",36
"Oct 24, 2002",65
"nov. 1, 2002",97
"nov. 9, 2002",13
"nov. 17, 2002",24
"nov. 25, 2002",60
"Dec 3, 2002",10
"Dec 11, 2002",80
"Dec 19, 2002",63
"Dec 27, 2002",85
"jan. 1, 2003",68
"jan. 9, 2003",53
"jan. 17, 2003",22
"jan. 25, 2003",87
"Feb 2, 2003",83
"Feb 10, 2003",10
"Feb 18, 2003",12
"Feb 26, 2003",9
"mar. 6, 2003",62
"mar. 14, 2003",72
"mar. 22, 2003",44
"mar. 30, 2003",26
"Apr 7, 2003",67
"Apr 15, 2003",35
"Apr 23, 2003",17
"May 1, 2003",25
"May 9, 2003",54
"May 17, 2003",88
"May 25, 2003",67
"jun. 2, 2003",59
"jun. 10, 2003",31
"jun. 18, 2003",87
"jun. 26, 2003",91
"jul. 4, 2003",89
"jul. 12, 2003",89
"jul. 20, 2003",74
"jul. 28, 2003",77
"Aug 5, 2003",55
"Aug 13, 2003",90
"Aug 21, 2003",88
"Aug 29, 2003",89
"Sep 6, 2003",74
"Sep 14, 2003",44
"Sep 22, 2003",92
"Sep 30, 2003",90
"Oct 8, 2003",78
"Oct 16, 2003",26
"Oct 24, 2003",88
"nov. 1, 2003",71
"nov. 9, 2003",78
"nov. 17, 2003",31
"nov. 25, 2003",94
"Dec 3, 2003",39
"Dec 11, 2003",61
"Dec 19, 2003",5
"Dec 27, 2003",46
"jan. 1, 2004",15
"jan. 9, 2004",15
"jan. 17, 2004",22
"jan. 25, 2004",59
"Feb 2, 2004",7
"Feb 10, 2004",13
"Feb 18, 2004",14
"Feb 26, 2004",40
"mar. 5, 2004",45
"mar. 13, 2004",27
"mar. 21, 2004",13
"mar. 29, 2004",24
"Apr 6, 2004",77
"Apr 14, 2004",26
"Apr 22, 2004",78
"Apr 30, 2004",72
"May 8, 2004",82
"May 16, 2004",36
"May 24, 2004",62
"jun. 1, 2004",90
"jun. 9, 2004",89
"jun. 17, 2004",87
"jun. 25, 2004",81
"jul. 3, 2004",87
"jul. 11, 2004",68
"jul. 19, 2004",89
"jul. 27, 2004",89
"Aug 4, 2004",88
"Aug 12, 2004",89
"Aug 20, 2004",83
"Aug 28, 2004",89
"Sep 5, 2004",89
"Sep 13, 2004",47
"Sep 21, 2004",85
"Sep 29, 2004",57
"Oct 7, 2004",79
"Oct 15, 2004",28
"Oct 23, 2004",43
"Oct 31, 2004",35
"nov. 8, 2004",36
"nov. 16, 2004",89
"nov. 24, 2004",90
"Dec 2, 2004",70
"Dec 10, 2004",42
"Dec 18, 2004",25
"Dec 26, 2004",53
"jan. 1, 2005",45
"jan. 9, 2005",38
"jan. 17, 2005",55
"jan. 25, 2005",51
"Feb 2, 2005",30
"Feb 10, 2005",31
"Feb 18, 2005",9
"Feb 26, 2005",38
"mar. 6, 2005",10
"mar. 14, 2005",14
"mar. 22, 2005",40
"mar. 30, 2005",14
"Apr 7, 2005",43
"Apr 15, 2005",31
"Apr 23, 2005",12
"May 1, 2005",31
"May 9, 2005",43
"May 17, 2005",38
"May 25, 2005",84
"jun. 2, 2005",89
"jun. 10, 2005",87
"jun. 18, 2005",89
"jun. 26, 2005",90
"jul. 4, 2005",72
"jul. 12, 2005",87
"jul. 20, 2005",89
"jul. 28, 2005",90
"Aug 5, 2005",89
"Aug 13, 2005",73
"Aug 21, 2005",90
"Aug 29, 2005",76
"Sep 6, 2005",89
"Sep 14, 2005",90
"Sep 22, 2005",88
"Sep 30, 2005",81
"Oct 8, 2005",75
"Oct 15, 2005",38
"Oct 24, 2005",89
"nov. 1, 2005",26
"nov. 9, 2005",42
"nov. 17, 2005",11
"nov. 25, 2005",17
"Dec 3, 2005",7
"Dec 11, 2005",90
"Dec 19, 2005",93
"Dec 27, 2005",27
"jan. 1, 2006",27
"jan. 9, 2006",32
"jan. 17, 2006",80
"jan. 25, 2006",30
"Feb 2, 2006",27
"Feb 10, 2006",25
"Feb 18, 2006",70
"Feb 26, 2006",14
"mar. 6, 2006",24
"mar. 14, 2006",9
"mar. 22, 2006",39
"mar. 30, 2006",39
"Apr 7, 2006",81
"Apr 15, 2006",17
"Apr 23, 2006",99
"May 1, 2006",30
"May 9, 2006",81
"May 17, 2006",33
"May 25, 2006",91
"jun. 2, 2006",80
"jun. 10, 2006",57
"jun. 18, 2006",83
"jun. 26, 2006",85
"jul. 4, 2006",89
"jul. 12, 2006",89
"jul. 20, 2006",85
"jul. 28, 2006",63
"Aug 5, 2006",90
"Aug 13, 2006",57
"Aug 21, 2006",89
"Aug 29, 2006",90
"Sep 6, 2006",89
"Sep 14, 2006",33
"Sep 22, 2006",86
"Sep 30, 2006",65
"Oct 8, 2006",79
"Oct 16, 2006",97
"Oct 24, 2006",89
"nov. 1, 2006",31
"nov. 9, 2006",42
"nov. 17, 2006",88
"nov. 25, 2006",67
"Dec 3, 2006",76
"Dec 11, 2006",27
"Dec 19, 2006",22
"Dec 27, 2006",86
"jan. 1, 2007",59
"jan. 9, 2007",25
"jan. 17, 2007",24
"jan. 25, 2007",40
"Feb 2, 2007",8
"Feb 10, 2007",15
"Feb 18, 2007",50
"Feb 26, 2007",44
"mar. 6, 2007",52
"mar. 14, 2007",7
"mar. 22, 2007",76
"mar. 30, 2007",64
"Apr 7, 2007",11
"Apr 15, 2007",26
"Apr 23, 2007",89
"May 1, 2007",82
"May 9, 2007",44
"May 17, 2007",70
"May 25, 2007",69
"jun. 2, 2007",89
"jun. 10, 2007",78
"jun. 18, 2007",88
"jun. 26, 2007",81
"jul. 4, 2007",91
"jul. 12, 2007",81
"jul. 20, 2007",89
"jul. 28, 2007",85
"Aug 5, 2007",38
"Aug 13, 2007",80
"Aug 21, 2007",86
"Aug 29, 2007",89
"Sep 6, 2007",68
"Sep 14, 2007",92
"Sep 22, 2007",56
"Sep 30, 2007",65
"Oct 8, 2007",82
"Oct 16, 2007",71
"Oct 24, 2007",83
"nov. 1, 2007",62
"nov. 9, 2007",43
"nov. 17, 2007",73
"nov. 25, 2007",17
"Dec 3, 2007",87
"Dec 11, 2007",32
"Dec 19, 2007",30
"Dec 27, 2007",69
"jan. 1, 2008",54
"jan. 9, 2008",56
"jan. 17, 2008",10
"jan. 25, 2008",80
"Feb 2, 2008",80
"Feb 10, 2008",8
"Feb 18, 2008",66
"Feb 26, 2008",53
"mar. 5, 2008",88
"mar. 13, 2008",27
"mar. 21, 2008",6
"mar. 29, 2008",25
"Apr 6, 2008",87
"Apr 14, 2008",20
"Apr 22, 2008",45
"Apr 30, 2008",75
"May 8, 2008",32
"May 16, 2008",23
"May 24, 2008",62
"jun. 1, 2008",87
"jun. 9, 2008",35
"jun. 17, 2008",89
"jun. 25, 2008",88
"jul. 3, 2008",89
"jul. 11, 2008",89
"jul. 19, 2008",77
"jul. 27, 2008",88
"Aug 4, 2008",90
"Aug 12, 2008",91
"Aug 20, 2008",90
"Aug 28, 2008",82
"Sep 5, 2008",90
"Sep 13, 2008",93
"Sep 21, 2008",90
"Sep 29, 2008",77
"Oct 7, 2008",71
"Oct 15, 2008",80
"Oct 23, 2008",64
"Oct 31, 2008",67
"nov. 8, 2008",86
"nov. 16, 2008",79
"nov. 24, 2008",86
"Dec 2, 2008",58
"Dec 10, 2008",70
"Dec 18, 2008",59
"Dec 26, 2008",42
"jan. 1, 2009",62
"jan. 9, 2009",36
"jan. 17, 2009",10
"jan. 25, 2009",89
"Feb 2, 2009",8
"Feb 10, 2009",46
"Feb 18, 2009",19
"Feb 26, 2009",6
"mar. 6, 2009",78
"mar. 14, 2009",76
"mar. 22, 2009",31
"mar. 30, 2009",75
"Apr 7, 2009",28
"Apr 15, 2009",58
"Apr 23, 2009",10
"May 1, 2009",25
"May 9, 2009",79
"May 17, 2009",65
"May 25, 2009",58
"jun. 2, 2009",8
"jun. 10, 2009",48
"jun. 18, 2009",86
"jun. 26, 2009",88
"jul. 4, 2009",85
"jul. 12, 2009",89
"jul. 20, 2009",55
"jul. 28, 2009",89
"Aug 5, 2009",56
"Aug 13, 2009",90
"Aug 21, 2009",88
"Aug 29, 2009",90
"Sep 6, 2009",89
"Sep 14, 2009",89
"Sep 22, 2009",60
"Sep 30, 2009",59
"Oct 8, 2009",90
"Oct 16, 2009",90
"Oct 24, 2009",85
"nov. 1, 2009",89
"nov. 9, 2009",81
"nov. 17, 2009",94
"nov. 25, 2009",88
"Dec 3, 2009",37
"Dec 11, 2009",15
"Dec 19, 2009",96
"Dec 27, 2009",33
"jan. 1, 2010",90
"jan. 9, 2010",74
"jan. 17, 2010",51
"jan. 25, 2010",22
"Feb 2, 2010",63
"Feb 10, 2010",79
"Feb 18, 2010",41
"Feb 26, 2010",55
"mar. 6, 2010",36
"mar. 14, 2010",84
"mar. 22, 2010",89
"mar. 30, 2010",24
"Apr 7, 2010",53
"Apr 15, 2010",7
"Apr 23, 2010",65
"May 1, 2010",52
"May 9, 2010",42
"May 17, 2010",71
"May 25, 2010",68
"jun. 2, 2010",90
"jun. 10, 2010",85
"jun. 18, 2010",88
"jun. 26, 2010",89
"jul. 4, 2010",90
"jul. 12, 2010",88
"jul. 20, 2010",90
"jul. 28, 2010",90
"Aug 5, 2010",89
"Aug 13, 2010",49
"Aug 21, 2010",30
"Aug 29, 2010",89
"Sep 6, 2010",90
"Sep 14, 2010",71
"Sep 22, 2010",88
"Sep 30, 2010",90
"Oct 8, 2010",92
"Oct 16, 2010",89
"Oct 24, 2010",81
"nov. 1, 2010",80
"nov. 9, 2010",64
"nov. 17, 2010",18
"nov. 25, 2010",38
"Dec 3, 2010",64
"Dec 11, 2010",60
"Dec 19, 2010",76
"Dec 27, 2010",90
"jan. 1, 2011",12
"jan. 9, 2011",55
"jan. 17, 2011",9
"jan. 25, 2011",26
"Feb 2, 2011",46
"Feb 10, 2011",26
"Feb 18, 2011",37
"Feb 26, 2011",26
"mar. 6, 2011",72
"mar. 14, 2011",52
"mar. 22, 2011",15
"mar. 30, 2011",14
"Apr 7, 2011",15
"Apr 15, 2011",32
"Apr 23, 2011",80
"May 1, 2011",17
"May 9, 2011",54
"May 17, 2011",65
"May 25, 2011",47
"jun. 2, 2011",88
"jun. 10, 2011",88
"jun. 18, 2011",35
"jun. 26, 2011",90
"jul. 4, 2011",88
"jul. 12, 2011",78
"jul. 20, 2011",90
"jul. 28, 2011",91
"Aug 5, 2011",87
"Aug 13, 2011",85
"Aug 21, 2011",64
"Aug 29, 2011",66
"Sep 6, 2011",90
"Sep 14, 2011",87
"Sep 22, 2011",90
"Sep 30, 2011",89
"Oct 8, 2011",86
"Oct 15, 2011",89
"Oct 24, 2011",43
"nov. 1, 2011",89
"nov. 9, 2011",16
"nov. 17, 2011",84
"nov. 25, 2011",81
"Dec 3, 2011",86
"Dec 11, 2011",87
"Dec 19, 2011",23
"Dec 27, 2011",13
"jan. 1, 2012",12
"jan. 9, 2012",28
"jan. 17, 2012",83
"jan. 25, 2012",10
"Feb 2, 2012",77
"Feb 10, 2012",15
"Feb 18, 2012",77
"Feb 26, 2012",79
"mar. 5, 2012",96
"mar. 13, 2012",100
"mar. 21, 2012",39
"mar. 29, 2012",43
"Apr 6, 2012",71
"Apr 14, 2012",21
"Apr 22, 2012",91
"Apr 30, 2012",92
"May 8, 2012",40
"May 16, 2012",31
"May 24, 2012",88
"jun. 1, 2012",84
"jun. 9, 2012",88
"jun. 17, 2012",89
"jun. 25, 2012",89
"jul. 3, 2012",86
"jul. 11, 2012",62
"jul. 19, 2012",74
"jul. 27, 2012",89
"Aug 4, 2012",85
"Aug 12, 2012",92
"Aug 20, 2012",91
"Aug 28, 2012",90
"Sep 5, 2012",89
"Sep 13, 2012",89
"Sep 21, 2012",59
"Sep 29, 2012",66
"Oct 7, 2012",49
"Oct 15, 2012",86
"Oct 23, 2012",66
"Oct 31, 2012",85
"nov. 8, 2012",88
"nov. 16, 2012",92
"nov. 24, 2012",50
"Dec 2, 2012",69
"Dec 10, 2012",51
"Dec 18, 2012",53
"Dec 26, 2012",17
"jan. 1, 2013",27
"jan. 9, 2013",19
"jan. 17, 2013",49
"jan. 25, 2013",29
"Feb 2, 2013",8
"Feb 10, 2013",36
"Feb 18, 2013",68
"Feb 26, 2013",65
"mar. 6, 2013",42
"mar. 14, 2013",22
"mar. 22, 2013",97
"mar. 30, 2013",9
"Apr 7, 2013",52
"Apr 15, 2013",8
"Apr 23, 2013",15
"May 1, 2013",81
"May 9, 2013",85
"May 17, 2013",23
"May 25, 2013",77
"jun. 2, 2013",70
"jun. 10, 2013",90
"jun. 18, 2013",84
"jun. 26, 2013",89
"jul. 4, 2013",90
"jul. 12, 2013",90
"jul. 20, 2013",85
"jul. 28, 2013",88
"Aug 5, 2013",83
"Aug 13, 2013",44
"Aug 21, 2013",88
"Aug 29, 2013",91
"Sep 6, 2013",90
"Sep 14, 2013",39
"Sep 22, 2013",87
"Sep 30, 2013",93
"Oct 8, 2013",62
"Oct 16, 2013",89
"Oct 24, 2013",41
"nov. 1, 2013",79
"nov. 9, 2013",73
"nov. 17, 2013",75
"nov. 25, 2013",75
"Dec 3, 2013",80
"Dec 11, 2013",91
"Dec 19, 2013",11
"Dec 27, 2013",58
"jan. 1, 2014",40
"jan. 9, 2014",7
"jan. 17, 2014",73
"jan. 25, 2014",13
"Feb 2, 2014",18
"Feb 10, 2014",7
"Feb 18, 2014",47
"Feb 26, 2014",26
"mar. 6, 2014",7
"mar. 14, 2014",60
"mar. 22, 2014",6
"mar. 30, 2014",83
"Apr 7, 2014",20
"Apr 15, 2014",91
"Apr 23, 2014",37
"May 1, 2014",46
"May 9, 2014",10
"May 17, 2014",66
"May 25, 2014",87
"jun. 2, 2014",78
"jun. 10, 2014",82
"jun. 18, 2014",79
"jun. 26, 2014",94
"jul. 4, 2014",91
"jul. 12, 2014",75
"jul. 20, 2014",90
"jul. 28, 2014",83
"Aug 5, 2014",90
"Aug 13, 2014",91
"Aug 21, 2014",90
"Aug 29, 2014",78
"Sep 6, 2014",55
"Sep 14, 2014",53
"Sep 22, 2014",76
"Sep 30, 2014",76
"Oct 8, 2014",42
"Oct 16, 2014",46
"Oct 24, 2014",90
"nov. 1, 2014",66
"nov. 9, 2014",88
"nov. 17, 2014",48
"nov. 25, 2014",87
"Dec 3, 2014",56
"Dec 11, 2014",66
"Dec 19, 2014",69
"Dec 27, 2014",59
"jan. 1, 2015",95
"jan. 9, 2015",40
"jan. 17, 2015",80
"jan. 25, 2015",78
"Feb 2, 2015",20
"Feb 10, 2015",25
"Feb 18, 2015",12
"Feb 26, 2015",21
"mar. 6, 2015",57
"mar. 14, 2015",6
"mar. 22, 2015",25
"mar. 30, 2015",86
"Apr 7, 2015",28
"Apr 15, 2015",41
"Apr 23, 2015",88
"May 1, 2015",78
"May 9, 2015",87
"May 17, 2015",52
"May 25, 2015",77
"jun. 2, 2015",44
"jun. 10, 2015",66
"jun. 18, 2015",89
"jun. 26, 2015",51
"jul. 4, 2015",67
"jul. 12, 2015",89
"jul. 20, 2015",55
"jul. 28, 2015",90
"Aug 5, 2015",92
"Aug 13, 2015",90
"Aug 21, 2015",89
"Aug 29, 2015",90
"Sep 6, 2015",95
"Sep 14, 2015",89
"Sep 22, 2015",68
"Sep 30, 2015",73
"Oct 8, 2015",30
"Oct 16, 2015",90
"Oct 24, 2015",92
"nov. 1, 2015",24
"nov. 9, 2015",87
"nov. 17, 2015",53
"nov. 25, 2015",69
"Dec 3, 2015",18
"Dec 11, 2015",37
"Dec 19, 2015",93
"Dec 27, 2015",62
"jan. 1, 2016",37
"jan. 9, 2016",9
"jan. 17, 2016",79
"jan. 25, 2016",39
"Feb 2, 2016",78
"Feb 10, 2016",17
"Feb 26, 2016",6
"mar. 5, 2016",46
"mar. 13, 2016",19
"mar. 21, 2016",79
"mar. 29, 2016",40
"Apr 6, 2016",36
"Apr 14, 2016",80
"Apr 22, 2016",74
"Apr 30, 2016",83
"May 8, 2016",54
"May 16, 2016",44
"May 24, 2016",73
"jun. 1, 2016",87
"jun. 9, 2016",88
"jun. 17, 2016",88
"jun. 25, 2016",89
"jul. 3, 2016",86
"jul. 11, 2016",90
"jul. 19, 2016",89
"jul. 27, 2016",92
"Aug 4, 2016",90
"Aug 12, 2016",90
"Aug 20, 2016",89
"Aug 28, 2016",92
"Sep 5, 2016",91
"Sep 13, 2016",84
"Sep 21, 2016",89
"Sep 29, 2016",87
"Oct 7, 2016",69
"Oct 15, 2016",74
"Oct 23, 2016",30
"Oct 31, 2016",23
"nov. 8, 2016",87
"nov. 16, 2016",84
"nov. 24, 2016",47
"Dec 2, 2016",59
"Dec 10, 2016",32
"Dec 18, 2016",17
"Dec 26, 2016",94
"jan. 1, 2017",19
"jan. 9, 2017",9
"jan. 17, 2017",81
"jan. 25, 2017",34
"Feb 2, 2017",12
"Feb 10, 2017",12
"Feb 18, 2017",36
"Feb 26, 2017",34
"mar. 6, 2017",17
"mar. 14, 2017",7
"mar. 22, 2017",49
"mar. 30, 2017",41
"Apr 7, 2017",35
"Apr 15, 2017",7
"Apr 23, 2017",16
"May 1, 2017",29
"May 9, 2017",61
"May 17, 2017",50
"May 25, 2017",90
"jun. 2, 2017",88
"jun. 10, 2017",88
"jun. 18, 2017",89
"jun. 26, 2017",87
"jul. 4, 2017",90
"jul. 12, 2017",90
"jul. 20, 2017",90
"jul. 28, 2017",89
"Aug 5, 2017",89
"Aug 13, 2017",89
"Aug 21, 2017",89
"Aug 29, 2017",90
"Sep 6, 2017",69
"Sep 14, 2017",88
"Sep 22, 2017",71
"Sep 30, 2017",86
"Oct 8, 2017",93
"Oct 16, 2017",52
"Oct 24, 2017",34
"nov. 1, 2017",78
"nov. 9, 2017",91
"nov. 17, 2017",31
"nov. 25, 2017",79
"Dec 3, 2017",90
"Dec 11, 2017",26
"Dec 19, 2017",19
"Dec 27, 2017",39
"jan. 1, 2018",37
"jan. 9, 2018",100
"jan. 17, 2018",9
"jan. 25, 2018",77
"Feb 2, 2018",42
"Feb 10, 2018",32
"Feb 18, 2018",11
"Feb 26, 2018",42
"mar. 6, 2018",34
"mar. 14, 2018",51
"mar. 22, 2018",46
"mar. 30, 2018",49
"Apr 7, 2018",26
"Apr 15, 2018",43
"Apr 23, 2018",54
"May 1, 2018",14
"May 9, 2018",29
"May 17, 2018",84
"May 25, 2018",80
"jun. 2, 2018",83
"jun. 10, 2018",74
"jun. 18, 2018",86
"jun. 26, 2018",82
"jul. 4, 2018",89
"jul. 12, 2018",89
"jul. 20, 2018",94
"jul. 28, 2018",91
"Aug 5, 2018",86
"Aug 13, 2018",27
"Aug 21, 2018",89
"Aug 29, 2018",89
"Sep 6, 2018",79
"Sep 14, 2018",78
"Sep 22, 2018",51
"Sep 30, 2018",65
"Oct 8, 2018",74
"Oct 16, 2018",88
"Oct 24, 2018",88
"nov. 1, 2018",44
"nov. 9, 2018",78
"nov. 17, 2018",84
"nov. 25, 2018",96
"Dec 3, 2018",39
"Dec 11, 2018",56
"Dec 19, 2018",94
"Dec 27, 2018",55
"jan. 1, 2019",65
"jan. 9, 2019",56
"jan. 17, 2019",30
"jan. 25, 2019",83
"Feb 2, 2019",28
"Feb 10, 2019",19
"Feb 18, 2019",28
"Feb 26, 2019",12
"mar. 6, 2019",21
"mar. 14, 2019",87
"mar. 22, 2019",84
"mar. 30, 2019",46
"Apr 7, 2019",34
"Apr 15, 2019",48
"Apr 23, 2019",40
"May 1, 2019",43
"May 9, 2019",59
"May 17, 2019",19
"May 25, 2019",77
"jun. 2, 2019",39
"jun. 10, 2019",89
"jun. 18, 2019",87
"jun. 26, 2019",88
"jul. 4, 2019",67
"jul. 12, 2019",75
"jul. 20, 2019",89
"jul. 28, 2019",90
"Aug 5, 2019",90
"Aug 13, 2019",90
"Aug 21, 2019",69
"Aug 29, 2019",90
"Sep 6, 2019",63
"Sep 14, 2019",87
"Sep 22, 2019",83
"Sep 30, 2019",90
"Oct 8, 2019",41
"Oct 16, 2019",44
"Oct 24, 2019",89
"nov. 1, 2019",87
"nov. 9, 2019",42
"nov. 17, 2019",89
"nov. 25, 2019",84
"Dec 3, 2019",90
"Dec 11, 2019",82
"Dec 19, 2019",57
"Dec 27, 2019",58
"jan. 1, 2020",27
"jan. 9, 2020",8
"jan. 17, 2020",78
"jan. 25, 2020",6
"Feb 2, 2020",77
"Feb 10, 2020",9
"Feb 18, 2020",21
"Feb 26, 2020",29
"mar. 5, 2020",13
"mar. 13, 2020",50
"mar. 21, 2020",88
"mar. 29, 2020",33
"Apr 6, 2020",21
"Apr 14, 2020",50
"Apr 22, 2020",40
"Apr 30, 2020",59
"May 8, 2020",54
"May 16, 2020",73
"May 24, 2020",26
"jun. 1, 2020",86
"jun. 9, 2020",93
"jun. 17, 2020",89
"jun. 25, 2020",88
"jul. 3, 2020",89
"jul. 11, 2020",89
"jul. 19, 2020",89
"jul. 27, 2020",89
"Aug 4, 2020",89
"Aug 12, 2020",90
"Aug 20, 2020",82
"Aug 28, 2020",61
"Sep 5, 2020",90
"Sep 13, 2020",90
"Sep 21, 2020",65
"Sep 29, 2020",90
"Oct 7, 2020",85
"Oct 15, 2020",78
"Oct 23, 2020",44
"Oct 31, 2020",67
"nov. 8, 2020",84
"nov. 16, 2020",39
"nov. 24, 2020",37
"Dec 2, 2020",70
"Dec 10, 2020",57
"Dec 18, 2020",90
"Dec 26, 2020",24
"jan. 1, 2021",55
"jan. 9, 2021",77
"jan. 17, 2021",13
"jan. 25, 2021",7
"Feb 2, 2021",59
"Feb 10, 2021",8
"Feb 18, 2021",67
"Feb 26, 2021",57
"mar. 6, 2021",19
"mar. 14, 2021",60
"mar. 22, 2021",92
"mar. 30, 2021",36
"Apr 7, 2021",81
"Apr 15, 2021",11
"Apr 23, 2021",56
"May 1, 2021",63
"May 9, 2021",39
"May 17, 2021",42
"May 25, 2021",81
"jun. 2, 2021",40
"jun. 10, 2021",91
"jun. 18, 2021",88
"jun. 26, 2021",89
"jul. 4, 2021",91
"jul. 12, 2021",80
"jul. 20, 2021",89
"jul. 28, 2021",90
"Aug 5, 2021",89
"Aug 13, 2021",86
"Aug 21, 2021",89
"Aug 29, 2021",60
"Sep 6, 2021",86
"Sep 14, 2021",90
"Sep 22, 2021",90
"Sep 30, 2021",81
"Oct 8, 2021",87
"Oct 16, 2021",37
"Oct 24, 2021",90
"nov. 1, 2021",74
"nov. 9, 2021",79
"nov. 17, 2021",50
"nov. 25, 2021",68
"Dec 3, 2021",46
"Dec 11, 2021",28
"Dec 19, 2021",36
"Dec 27, 2021",50
"jan. 1, 2022",20
"jan. 9, 2022",94
"jan. 17, 2022",68
"jan. 25, 2022",12
"Feb 2, 2022",65
"Feb 10, 2022",8
"Feb 18, 2022",11
"Feb 26, 2022",38
"mar. 6, 2022",90
"mar. 14, 2022",36
"mar. 22, 2022",22
"mar. 30, 2022",11
"Apr 7, 2022",67
"Apr 15, 2022",44
"Apr 23, 2022",84
"May 1, 2022",12
"May 9, 2022",55
"May 17, 2022",44
"May 25, 2022",89
"jun. 2, 2022",88
"jun. 10, 2022",61
"jun. 18, 2022",91
"jun. 26, 2022",89
"jul. 4, 2022",89
"jul. 12, 2022",90
"jul. 20, 2022",83
"jul. 28, 2022",90
"Aug 5, 2022",96
"Aug 13, 2022",90
"Aug 21, 2022",84
"Aug 29, 2022",90
"Sep 6, 2022",90
"Sep 14, 2022",90
"Sep 22, 2022",92
"Sep 30, 2022",87
"Oct 8, 2022",72
"Oct 24, 2022",82
"nov. 1, 2022",27
"nov. 9, 2022",81
"nov. 17, 2022",74
"nov. 25, 2022",24
"Dec 3, 2022",83
"Dec 11, 2022",91
"Dec 19, 2022",62
"Dec 27, 2022",14
"jan. 1, 2023",49
"jan. 9, 2023",7
"jan. 17, 2023",87
"jan. 25, 2023",40
"Feb 2, 2023",17
"Feb 10, 2023",32
"Feb 18, 2023",42
"Feb 26, 2023",21
"mar. 6, 2023",65
"mar. 14, 2023",83
"mar. 22, 2023",48
"mar. 30, 2023",65
"Apr 7, 2023",68
"Apr 15, 2023",48
"Apr 23, 2023",32
"May 1, 2023",17
"May 9, 2023",78
"May 17, 2023",25
"May 25, 2023",98
"jun. 2, 2023",89
"jun. 10, 2023",64
"jun. 18, 2023",89
"jun. 26, 2023",90
"jul. 4, 2023",90
"jul. 12, 2023",53
"jul. 20, 2023",89
"jul. 28, 2023",68
"Aug 5, 2023",90
"Aug 13, 2023",91
"Aug 21, 2023",90
"Aug 29, 2023",90
"Sep 6, 2023",90
"Sep 14, 2023",86
"Sep 22, 2023",89
"Sep 30, 2023",87
"Oct 8, 2023",84
"Oct 16, 2023",90
"Oct 24, 2023",87
"nov. 1, 2023",36
"nov. 9, 2023",89
"nov. 17, 2023",70
"nov. 25, 2023",84
"Dec 3, 2023",20
"Dec 11, 2023",94
"Dec 19, 2023",91
"Dec 27, 2023",62
"jan. 1, 2024",62
"jan. 9, 2024",94
"jan. 17, 2024",42
"jan. 25, 2024",62
"Feb 2, 2024",52
"Feb 10, 2024",49
"Feb 18, 2024",67
"Feb 26, 2024",23
"mar. 5, 2024",11
"mar. 13, 2024",65
"mar. 21, 2024",24
"mar. 29, 2024",24
"Apr 6, 2024",46
"Apr 14, 2024",27
"Apr 22, 2024",55
"Apr 30, 2024",53
"May 8, 2024",33
"May 16, 2024",27
"May 24, 2024",79
"jun. 1, 2024",90
"jun. 9, 2024",89
"jun. 17, 2024",89
"jun. 25, 2024",55